name_or_handle,platform,category,est_size,focus,collab_angle,status,date_added,source_notes
@boston.memes,Instagram,collab-meme,large,"Boston meme page (Pats/Sox/Bruins/Celtics)","clip/meme amplification — feed them TSM clips to repost",prospect,2026-07-27,feedspot/6amcity listicles
@boston.sports.fans,Instagram,collab-meme,mid,"NewEngland Sports fan account (all 4 teams)","cross-post fan takes; repost partner",prospect,2026-07-27,search: best Boston sports IG 2026
@bostoncelticsmemes,Instagram,collab-meme,mid,"Boston Celtics meme page","Celtics-episode clip drops during playoffs",prospect,2026-07-27,search: best Boston sports IG 2026
Savage Boston Sports,Instagram/Web,collab-peer,mid,"Fan takes + contributor columns + fan submissions + MERCH",peer w/ merch model — cross-promo + learn their merch play,prospect,2026-07-27,savageboston.com
The Boston Sports Bros Podcast,Podcast/IG,collab-peer,small,"Two-bro indie Boston sports pod (very similar concept)","closest peer — guest swap / cross-promo / co-clip",prospect,2026-07-27,bostonsportsbros.podbean.com
Christopher Angluin pod,Podcast,collab-peer,small,"18yo indie covering all Boston teams","small indie peer — guest swap, mutual boost",prospect,2026-07-27,feedspot Boston sports podcasts
The Drive Home Podcast,Podcast,collab-peer,small-mid,"Boston sports talk","peer cross-promo / guest swap",prospect,2026-07-27,feedspot Boston sports podcasts
UnAnchored Boston,Podcast,collab-peer,mid,"Bob Lobel + Mike Lynch behind-the-scenes Boston sports","legacy-voice guest for credibility",prospect,2026-07-27,feedspot Boston sports podcasts
Section 10 (Barstool),Podcast,media-outlet,large,"Red Sox pod (Jared Carrabis et al.)","aspirational — big; long-shot guest/quote",watch,2026-07-27,Barstool
Locked On Boston,Podcast network,media-outlet,large,"Daily team pods (Pats/Celtics/Bruins/Sox)","aspirational network; possible guest slot",watch,2026-07-27,lockedonpodcasts.com
Boston Sports Journal,Web media,media-outlet,mid,"Subscription Boston sports journalism","aspirational; source/collab long-term",watch,2026-07-27,bostonsportsjournal.com
NBC Sports Boston,Web/TV,media-outlet,large,"Regional sports network + pod network","aspirational",watch,2026-07-27,nbcsportsboston.com
r/bostonceltics,Reddit,community-forum,large,"Celtics subreddit","seed clips sparingly; participate genuinely (no spam)",prospect,2026-07-27,reddit
r/Patriots,Reddit,community-forum,large,"Patriots subreddit","seed clips sparingly; participate genuinely",prospect,2026-07-27,reddit
r/bostonbruins,Reddit,community-forum,mid,"Bruins subreddit","seed clips sparingly; participate genuinely",prospect,2026-07-27,reddit
r/redsox,Reddit,community-forum,large,"Red Sox subreddit","seed clips sparingly; participate genuinely",prospect,2026-07-27,reddit
PatsFans.com,Forum,community-forum,mid,"Patriots messageboard + Celtics forum","OG Pats-fan community; participate, drop clips sparingly",prospect,2026-07-27,patsfans.com
Celtics Green Forum / SportsTwo,Forum,community-forum,small-mid,"Fan-run Celtics/Boston forums","engaged fan base; participate",prospect,2026-07-27,feedspot Celtics forums
Boston Celtics Discord,Discord,community-forum,mid,"NBA/Celtics fan Discord servers","join, be a real member, soft-seed",prospect,2026-07-27,disboard/discord.do
Krause House DAO,DAO/Discord/TG,benchmark-community,large,"Fan-governed DAO buying into pro basketball ($KRAUSE, 3-tier NFT, bought BIG3 Ball Hogs)","BENCHMARK for doc 2088 community-funded-access model — study, not collab",benchmark,2026-07-27,krausehouse.club
LinksDAO,DAO/Discord,benchmark-community,large,"Golf DAO, $10M raised, gated Discord + governance, bought a course","BENCHMARK — gated community + governance mechanics",benchmark,2026-07-27,linksdao
Socios / Chiliz fan tokens,App,benchmark-community,large,"~100 elite club fan tokens, $400M+ rev","ANTI-PATTERN benchmark — paywalls fandom; study what NOT to do",benchmark,2026-07-27,socios.com
